year,sex,diploma_course,intake,enrolment,graduates
2005,MF,Business & Administration,135,322,38
2005,F,Business & Administration,118,277,29
2005,MF,Design & Applied Arts,624,1767,434
2005,F,Design & Applied Arts,370,1052,251
2005,MF,Fine & Applied Arts,0,0,na
2005,F,Fine & Applied Arts,0,0,na
2005,MF,Fine & Performing Arts,717,1128,146
2005,F,Fine & Performing Arts,435,717,96
2005,MF,Media Production,13,144,59
2005,F,Media Production,2,45,15
2005,MF,Others,15,77,37
2005,F,Others,9,51,22
2006,MF,Business & Administration,125,378,86
2006,F,Business & Administration,103,321,73
2006,MF,Design & Applied Arts,640,1933,502
2006,F,Design & Applied Arts,398,1155,298
2006,MF,Fine & Applied Arts,634,647,na
2006,F,Fine & Applied Arts,388,396,na
2006,MF,Fine & Performing Arts,342,787,152
2006,F,Fine & Performing Arts,205,513,106
2006,MF,Media Production,27,159,58
2006,F,Media Production,9,51,22
2006,MF,Others,13,83,36
2006,F,Others,9,55,23
2007,MF,Business & Administration,104,372,92
2007,F,Business & Administration,84,305,79
2007,MF,Design & Applied Arts,501,2086,489
2007,F,Design & Applied Arts,324,1285,299
2007,MF,Fine & Applied Arts,571,611,na
2007,F,Fine & Applied Arts,393,409,na
2007,MF,Fine & Performing Arts,278,733,199
2007,F,Fine & Performing Arts,203,486,140
2007,MF,Media Production,32,153,68
2007,F,Media Production,16,63,23
2007,MF,Others,17,107,31
2007,F,Others,15,76,20
2008,MF,Business & Administration,128,374,150
2008,F,Business & Administration,103,307,129
2008,MF,Design & Applied Arts,658,2209,620
2008,F,Design & Applied Arts,438,1428,369
2008,MF,Fine & Applied Arts,492,492,na
2008,F,Fine & Applied Arts,318,319,na
2008,MF,Fine & Performing Arts,264,680,206
2008,F,Fine & Performing Arts,164,448,151
2008,MF,Media Production,27,194,74
2008,F,Media Production,7,83,27
2008,MF,Others,11,128,41
2008,F,Others,8,92,29
2009,MF,Business & Administration,134,390,116
2009,F,Business & Administration,111,325,97
2009,MF,Design & Applied Arts,603,2033,703
2009,F,Design & Applied Arts,398,1336,461
2009,MF,Fine & Applied Arts,449,484,na
2009,F,Fine & Applied Arts,284,300,na
2009,MF,Fine & Performing Arts,306,846,184
2009,F,Fine & Performing Arts,184,559,116
2009,MF,Media Production,32,162,73
2009,F,Media Production,16,83,28
2009,MF,Others,0,0,49
2009,F,Others,0,0,38
2010,MF,Business & Administration,148,410,119
2010,F,Business & Administration,117,330,100
2010,MF,Design & Applied Arts,608,2044,640
2010,F,Design & Applied Arts,401,1360,408
2010,MF,Fine & Applied Arts,495,502,na
2010,F,Fine & Applied Arts,346,349,na
2010,MF,Fine & Performing Arts,351,911,250
2010,F,Fine & Performing Arts,216,572,183
2010,MF,Media Production,28,156,87
2010,F,Media Production,9,58,45
2010,MF,Others,0,0,0
2010,F,Others,0,0,0
2011,MF,Business & Administration,139,407,138
2011,F,Business & Administration,115,331,117
2011,MF,Design & Applied Arts,381,1864,654
2011,F,Design & Applied Arts,249,1236,445
2011,MF,Fine & Applied Arts,487,506,na
2011,F,Fine & Applied Arts,304,312,na
2011,MF,Fine & Performing Arts,289,922,228
2011,F,Fine & Performing Arts,181,581,150
2011,MF,Media Production,0,141,62
2011,F,Media Production,0,61,30
2011,MF,Others,0,0,0
2011,F,Others,0,0,0
2012,MF,Business & Administration,157,425,115
2012,F,Business & Administration,121,338,96
2012,MF,Design & Applied Arts,412,1724,616
2012,F,Design & Applied Arts,273,1132,427
2012,MF,Fine & Applied Arts,401,412,na
2012,F,Fine & Applied Arts,265,274,na
2012,MF,Fine & Performing Arts,282,919,262
2012,F,Fine & Performing Arts,183,603,154
2012,MF,Media Production,0,98,82
2012,F,Media Production,0,38,29
2012,MF,Others,0,0,0
2012,F,Others,0,0,0
2013,MF,Business & Administration,100,363,126
2013,F,Business & Administration,75,276,107
2013,MF,Design & Applied Arts,621,1937,643
2013,F,Design & Applied Arts,431,1304,423
2013,MF,Fine & Applied Arts,0,0,na
2013,F,Fine & Applied Arts,0,0,na
2013,MF,Fine & Performing Arts,323,899,259
2013,F,Fine & Performing Arts,209,571,184
2013,MF,Media Production,58,91,52
2013,F,Media Production,28,37,26
2013,MF,Others,0,0,0
2013,F,Others,0,0,0
2014,MF,Business & Administration,110,352,107
2014,F,Business & Administration,84,269,82
2014,MF,Design & Applied Arts,606,1851,542
2014,F,Design & Applied Arts,439,1288,371
2014,MF,Fine & Applied Arts,0,0,na
2014,F,Fine & Applied Arts,0,0,na
2014,MF,Fine & Performing Arts,391,918,309
2014,F,Fine & Performing Arts,267,600,198
2014,MF,Media Production,41,91,46
2014,F,Media Production,27,56,10
2014,MF,Others,0,0,0
2014,F,Others,0,0,0
2015,MF,Business & Administration,69,213,73
2015,F,Business & Administration,51,162,56
2015,MF,Design & Applied Arts,678,1891,596
2015,F,Design & Applied Arts,467,1327,412
2015,MF,Fine & Applied Arts,0,0,na
2015,F,Fine & Applied Arts,0,0,na
2015,MF,Fine & Performing Arts,419,1028,271
2015,F,Fine & Performing Arts,274,686,171
2015,MF,Media Production,77,147,23
2015,F,Media Production,34,73,15
2015,MF,Others,0,0,0
2015,F,Others,0,0,0
2016,MF,Business & Administration,78,217,64
2016,F,Business & Administration,60,165,50
2016,MF,Design & Applied Arts,777,1990,477
2016,F,Design & Applied Arts,567,1445,337
2016,MF,Fine & Applied Arts,0,0,0
2016,F,Fine & Applied Arts,0,0,0
2016,MF,Fine & Performing Arts,395,1137,266
2016,F,Fine & Performing Arts,271,775,181
2016,MF,Media Production,80,196,51
2016,F,Media Production,41,101,23
2016,MF,Others,0,0,0
2016,F,Others,0,0,0
2017,MF,Business & Administration,80,216,68
2017,F,Business & Administration,54,159,51
2017,MF,Design & Applied Arts,831,2166,516
2017,F,Design & Applied Arts,612,1574,397
2017,MF,Fine & Applied Arts,0,0,0
2017,F,Fine & Applied Arts,0,0,0
2017,MF,Fine & Performing Arts,421,1153,294
2017,F,Fine & Performing Arts,276,765,208
2017,MF,Media Production,107,243,44
2017,F,Media Production,49,115,28
2017,MF,Others,0,0,0
2017,F,Others,0,0,0
2018,MF,Business & Administration,71,212,62
2018,F,Business & Administration,52,156,46
2018,MF,Design & Applied Arts,792,2200,541
2018,F,Design & Applied Arts,585,1632,392
2018,MF,Fine & Applied Arts,0,0,0
2018,F,Fine & Applied Arts,0,0,0
2018,MF,Fine & Performing Arts,370,1090,340
2018,F,Fine & Performing Arts,252,718,239
2018,MF,Media Production,107,276,58
2018,F,Media Production,41,121,27
2018,MF,Others,0,0,0
2018,F,Others,0,0,0
2019,MF,Business & Administration,79,222,57
2019,F,Business & Administration,58,161,45
2019,MF,Design & Applied Arts,738,2108,608
2019,F,Design & Applied Arts,545,1569,449
2019,MF,Fine & Performing Arts,345,1036,333
2019,F,Fine & Performing Arts,236,690,222
2019,MF,Media Production,98,288,68
2019,F,Media Production,52,130,36
2020,MF,Business & Administration,60,200,72
2020,F,Business & Administration,49,156,52
2020,MF,Design & Applied Arts,675,2034,596
2020,F,Design & Applied Arts,467,1456,466
2020,MF,Fine & Performing Arts,377,1034,329
2020,F,Fine & Performing Arts,268,709,209
2020,MF,Media Production,92,275,95
2020,F,Media Production,48,132,42
