year,sex,degree_course,intake,enrolment,graduates
2011,MF,Business & Administration,0,0,0
2011,F,Business & Administration,0,0,0
2011,MF,Design & Applied Arts,0,0,0
2011,F,Design & Applied Arts,0,0,0
2011,MF,Fine & Applied Arts,0,0,0
2011,F,Fine & Applied Arts,0,0,0
2011,MF,Fine & Performing Arts,20,20,0
2011,F,Fine & Performing Arts,9,9,0
2011,MF,Media Production,0,0,0
2011,F,Media Production,0,0,0
2012,MF,Business & Administration,34,86,0
2012,F,Business & Administration,30,70,0
2012,MF,Design & Applied Arts,211,605,0
2012,F,Design & Applied Arts,158,460,0
2012,MF,Fine & Applied Arts,0,0,0
2012,F,Fine & Applied Arts,0,0,0
2012,MF,Fine & Performing Arts,135,313,0
2012,F,Fine & Performing Arts,83,205,0
2012,MF,Media Production,43,120,0
2012,F,Media Production,20,58,0
2013,MF,Business & Administration,35,97,30
2013,F,Business & Administration,28,82,23
2013,MF,Design & Applied Arts,222,735,242
2013,F,Design & Applied Arts,162,569,177
2013,MF,Fine & Applied Arts,0,0,0
2013,F,Fine & Applied Arts,0,0,0
2013,MF,Fine & Performing Arts,133,374,118
2013,F,Fine & Performing Arts,77,257,74
2013,MF,Media Production,58,135,63
2013,F,Media Production,27,73,26
2014,MF,Business & Administration,33,101,25
2014,F,Business & Administration,30,91,19
2014,MF,Design & Applied Arts,249,652,310
2014,F,Design & Applied Arts,184,503,239
2014,MF,Fine & Applied Arts,0,0,0
2014,F,Fine & Applied Arts,0,0,0
2014,MF,Fine & Performing Arts,136,336,158
2014,F,Fine & Performing Arts,86,214,119
2014,MF,Media Production,56,140,52
2014,F,Media Production,25,69,33
2015,MF,Business & Administration,0,0,0
2015,F,Business & Administration,0,0,0
2015,MF,Design & Applied Arts,303,769,207
2015,F,Design & Applied Arts,229,579,158
2015,MF,Fine & Applied Arts,40,101,34
2015,F,Fine & Applied Arts,33,89,30
2015,MF,Fine & Performing Arts,155,359,120
2015,F,Fine & Performing Arts,96,232,73
2015,MF,Media Production,37,92,26
2015,F,Media Production,22,45,10
2016,MF,Business & Administration,0,0,0
2016,F,Business & Administration,0,0,0
2016,MF,Design & Applied Arts,283,774,249
2016,F,Design & Applied Arts,220,590,188
2016,MF,Fine & Applied Arts,40,107,31
2016,F,Fine & Applied Arts,30,89,27
2016,MF,Fine & Performing Arts,142,360,122
2016,F,Fine & Performing Arts,98,234,80
2016,MF,Media Production,61,120,30
2016,F,Media Production,30,64,9
2017,MF,Business & Administration,0,0,0
2017,F,Business & Administration,0,0,0
2017,MF,Design & Applied Arts,296,755,289
2017,F,Design & Applied Arts,235,598,206
2017,MF,Fine & Applied Arts,40,114,31
2017,F,Fine & Applied Arts,35,94,29
2017,MF,Fine & Performing Arts,160,360,145
2017,F,Fine & Performing Arts,105,246,86
2017,MF,Media Production,58,140,35
2017,F,Media Production,30,73,19
2018,MF,Business & Administration,0,0,0
2018,F,Business & Administration,0,0,0
2018,MF,Design & Applied Arts,293,768,253
2018,F,Design & Applied Arts,220,601,196
2018,MF,Fine & Applied Arts,41,118,34
2018,F,Fine & Applied Arts,32,95,29
2018,MF,Fine & Performing Arts,137,362,121
2018,F,Fine & Performing Arts,88,244,83
2018,MF,Media Production,39,134,36
2018,F,Media Production,23,69,21
2019,MF,Design & Applied Arts,303,766,266
2019,F,Design & Applied Arts,229,594,209
2019,MF,Fine & Applied Arts,37,110,47
2019,F,Fine & Applied Arts,33,94,35
2019,MF,Fine & Performing Arts,109,304,142
2019,F,Fine & Performing Arts,72,199,103
2019,MF,Media Production,27,105,51
2019,F,Media Production,10,54,23
2020,MF,Design & Applied Arts,277,746,264
2020,F,Design & Applied Arts,230,594,202
2020,MF,Fine & Applied Arts,39,114,33
2020,F,Fine & Applied Arts,33,96,29
2020,MF,Fine & Performing Arts,104,273,130
2020,F,Fine & Performing Arts,56,167,84
2020,MF,Media Production,32,81,51
2020,F,Media Production,15,40,27
